{
  "best_metric": 0.3387972414493561,
  "best_model_checkpoint": "datasets/xlm_roberta_base_misogyny\\checkpoint-384",
  "epoch": 2.0,
  "eval_steps": 500,
  "global_step": 768,
  "is_hyper_param_search": false,
  "is_local_process_zero": true,
  "is_world_process_zero": true,
  "log_history": [
    {
      "epoch": 1.0,
      "eval_accuracy": 0.8690205011389521,
      "eval_f1": 0.8687509287318245,
      "eval_loss": 0.3387972414493561,
      "eval_precision": 0.86948512701347,
      "eval_recall": 0.8690205011389521,
      "eval_runtime": 2.5108,
      "eval_samples_per_second": 349.693,
      "eval_steps_per_second": 43.811,
      "step": 384
    },
    {
      "epoch": 1.3020833333333333,
      "grad_norm": 9.377862930297852,
      "learning_rate": 1.1319444444444444e-05,
      "loss": 0.9217,
      "step": 500
    },
    {
      "epoch": 2.0,
      "eval_accuracy": 0.8747152619589977,
      "eval_f1": 0.8748297485316624,
      "eval_loss": 0.34649336338043213,
      "eval_precision": 0.8772682700230646,
      "eval_recall": 0.8747152619589977,
      "eval_runtime": 2.5037,
      "eval_samples_per_second": 350.688,
      "eval_steps_per_second": 43.936,
      "step": 768
    }
  ],
  "logging_steps": 500,
  "max_steps": 1152,
  "num_input_tokens_seen": 0,
  "num_train_epochs": 3,
  "save_steps": 500,
  "stateful_callbacks": {
    "TrainerControl": {
      "args": {
        "should_epoch_stop": false,
        "should_evaluate": false,
        "should_log": false,
        "should_save": true,
        "should_training_stop": false
      },
      "attributes": {}
    }
  },
  "total_flos": 807882495482880.0,
  "train_batch_size": 8,
  "trial_name": null,
  "trial_params": null
}
